Source,Word
Asahi,複雑
Asahi,整える
Asahi,高等
Asahi,下地幹郎
Asahi,数日
Asahi,喜ん
Asahi,連続
Asahi,林芳正
Asahi,水面
Asahi,総務省
Asahi,世論
Asahi,是非
Asahi,胸
Asahi,Ｂ２９
Asahi,与える
Asahi,過ぎ
Asahi,山口
Asahi,こだわら
Asahi,生じ
Asahi,体調
Asahi,預かり
Asahi,銘じ
Asahi,お約束
Asahi,法体系
Asahi,ひとり
Asahi,受け入れ
Asahi,孝興
Asahi,シー
Asahi,夜
Asahi,範囲
Asahi,被災者
Asahi,分から
Asahi,見
Asahi,本殿
Asahi,わだかまり
Asahi,兵士
Asahi,見せる
Asahi,放送法
Asahi,投下
Asahi,妹
Asahi,なろ
Asahi,愛する
Asahi,想定
Asahi,ご存命
Asahi,たもと
Asahi,犬死に
Asahi,定め
Asahi,置い
Asahi,開き
Asahi,英語
Asahi,通し
Asahi,決議
Asahi,祖父母
Asahi,伝える
Asahi,戦前
Asahi,弁論
Asahi,打診
Asahi,言語
Asahi,来る
Asahi,間違っ
Asahi,野田市
Asahi,団長
Asahi,採択
Asahi,少し
Asahi,西組
Asahi,向き合う
Asahi,支援
Asahi,役割
Asahi,言
Asahi,疑問
Asahi,炸裂
Asahi,解決策
Asahi,ロシア語
Asahi,子
Asahi,高校生
Asahi,複数
Asahi,がれき
Asahi,二階俊博
Asahi,古賀誠
Asahi,動員
Asahi,敗戦
Asahi,つかう
Asahi,扱い
Asahi,０９
Asahi,降伏
Asahi,生後
Asahi,１３
Asahi,認め
Asahi,年内
Asahi,画す
Asahi,織恵
Asahi,神経
Asahi,飛行機
Asahi,自衛権
Asahi,放送
Asahi,インターネット
Asahi,ＮＨＫ
Asahi,松村
Asahi,守ら
Asahi,谷垣
Asahi,かう
Asahi,ほとんど
Asahi,聴い
Asahi,知り合っ
Asahi,延期
Asahi,あり方
Asahi,政教分離
Asahi,とら
Asahi,２７３
Asahi,爆撃機
Asahi,送付
Asahi,めぐる
Asahi,打ちひしが
Asahi,長年
Asahi,女学校
Asahi,ガイドライン
Asahi,大事
Asahi,無人
Asahi,６００
Asahi,敏感
Asahi,原則
Asahi,盟友
Asahi,取り壊し
Asahi,わたる
Asahi,占領
Asahi,アジア局
Asahi,吉浜
Asahi,請求
Asahi,繰り返さ
Asahi,皇后
Asahi,驚き
Asahi,始まり
Asahi,調整
Asahi,参事官
Asahi,晶子
Asahi,祭ら
Asahi,けが
Asahi,朝日新聞
Asahi,県
Asahi,国連
Asahi,さくれつ
Asahi,友香
Asahi,級友
Asahi,もと
Asahi,泣い
Asahi,知人
Asahi,様子
Asahi,求める
Asahi,同調
Asahi,化し
Asahi,鳥居
Asahi,人間
Asahi,米軍
Asahi,爆心
Asahi,記事
Asahi,対立
Asahi,構想
Asahi,会う
Asahi,右手
Asahi,ガラス
Asahi,言動
Asahi,慎重
Asahi,事情
Asahi,日の丸
Asahi,中心
Asahi,死
Asahi,滞在
Asahi,刺激
Asahi,末弟
Asahi,７５
Asahi,松原仁
Asahi,凝縮
Asahi,地裁
Asahi,差し止め
Asahi,周辺
Asahi,目立っ
Asahi,連合会
Asahi,街
Asahi,３・４
Asahi,陛下
Asahi,指針
Asahi,指示
Asahi,厚労相
Asahi,党別
Asahi,聞か
Asahi,小型
Asahi,容認
Asahi,侵害
Asahi,アルバイト
Asahi,８２
Asahi,最期
Asahi,表す
Asahi,見る
Asahi,三笠宮
Asahi,郵政民営化
Asahi,原子爆弾
Asahi,うそ
Asahi,省察
Asahi,夏休み
Asahi,イメージ
Asahi,海外
Asahi,真剣
Asahi,一般
Asahi,広げる
Asahi,知恵
Asahi,福岡県
Asahi,永岡桂子
Asahi,原告
Asahi,まとめ
Asahi,原爆
Asahi,松本洋平
Asahi,見つめ
Asahi,立ち止まり
Asahi,建物
Asahi,進める
Asahi,差し控え
Asahi,被爆者
Asahi,果たす
Asahi,速報
Asahi,スペイン語
Asahi,ぶんし
Asahi,関
Asahi,わたり
Asahi,代表格
Asahi,口頭
Asahi,一人一人
Asahi,ご判断
Asahi,割れ
Asahi,休む
Asahi,たたえ
Asahi,つながっ
Asahi,貝瀬
Asahi,許容
Asahi,ピン
Asahi,さま
Asahi,退ける
Asahi,巡っ
Asahi,公用語
Asahi,話題
Asahi,ともひと
Asahi,いま
Asahi,故
Asahi,行使
Asahi,消防庁
Asahi,向こう
Asahi,全て
Asahi,作業
Asahi,権限
Asahi,ネット
Asahi,自分
Asahi,公使
Asahi,神道
Asahi,言う
Asahi,初穂
Asahi,不敗
Asahi,見つかっ
Asahi,同市
Asahi,なくなっ
Asahi,畑内
Asahi,連合国
Asahi,秋彦
Asahi,訴訟
Asahi,戻す
Asahi,祭事
Asahi,麻子
Asahi,崩し
Asahi,積み重なる
Asahi,見つめ直す
Asahi,チン
Asahi,水産
Asahi,手紙
Asahi,職務
Asahi,改定
Asahi,しよ
Asahi,自宅
Asahi,教え
Asahi,思想
Asahi,最小限
Asahi,岸田文雄
Asahi,定める
Asahi,フランス語
Asahi,天井板
Asahi,山本
Asahi,空気
Asahi,瑶子
Asahi,だんだん
Asahi,１９４５
Asahi,捧げる
Asahi,名前
Asahi,武田肇
Asahi,崇仁
Asahi,寛仁
Asahi,秘密
Asahi,争う
Asahi,意見
Asahi,怒り
Asahi,徹底
Asahi,宇都隆史
Asahi,福岡
Asahi,参り
Asahi,反する
Asahi,方向づけ
Asahi,やろ
Asahi,旗
Asahi,意
Asahi,ようこ
Asahi,空襲
Asahi,硫黄島
Asahi,我
Asahi,林
Asahi,被爆
Asahi,分かつ
Asahi,ドローン
Asahi,過程
Asahi,信じ込ん
Asahi,寄与
Asahi,任せ
Asahi,時事
Asahi,しんとう
Asahi,品川区
Asahi,以上
Asahi,かかる
Asahi,あきこ
Asahi,脱し
Asahi,せんこう
Asahi,お見守り
Asahi,剛
Asahi,興奮
Asahi,憲法
Asahi,焦土
Asahi,頃
Asahi,自力
Asahi,古賀
Asahi,捧げ
Asahi,国会
Asahi,１・１
Asahi,明楽
Asahi,援護
Asahi,盛り上がっ
Asahi,農林
Asahi,アラビア語
Asahi,分祀
Asahi,青山
Asahi,保護法
Asahi,一礼
Asahi,提唱
Asahi,徴兵
Asahi,なり
Asahi,繁栄
Asahi,一貫
Asahi,中国語
Asahi,二階
Asahi,勉強会
Asahi,違反
Asahi,彬子
Asahi,めぐっ
Asahi,正当化
Asahi,誠実
Asahi,県立
Asahi,さいたま市
Asahi,ご遺族
Asahi,苦しめ
Asahi,志村亮
Asahi,うえ
Asahi,閃光
Asahi,屋上
Asahi,以前
Asahi,ミャンマー
Asahi,１９７８
Asahi,たかひと
Asahi,踏み切り
Asahi,陳述
Asahi,奇跡
Asahi,訪ね
Asahi,抱い
Asahi,国立
Asahi,千枝子
Asahi,京都府
Asahi,脇
Mainichi,高本
Mainichi,開催
Mainichi,大博
Mainichi,独立国
Mainichi,実弟
Mainichi,沖縄
Mainichi,侵略者
Mainichi,国内外
Mainichi,意志
Mainichi,いかが
Mainichi,次郎
Mainichi,普通
Mainichi,会派
Mainichi,守
Mainichi,野党
Mainichi,克哉
Mainichi,高橋
Mainichi,来月
Mainichi,人数
Mainichi,異例
Mainichi,もら
Mainichi,模様
Mainichi,起用
Mainichi,団体
Mainichi,各紙
Mainichi,福山
Mainichi,晃
Mainichi,上下
Mainichi,高木
Mainichi,当選
Mainichi,残さ
Mainichi,昨秋
Mainichi,ころ
Mainichi,変え
Mainichi,松野頼久
Mainichi,焼い
Mainichi,培っ
Mainichi,愛知
Mainichi,住む
Mainichi,６８
Mainichi,国対
Mainichi,工藤
Mainichi,葛西
Mainichi,哲也
Mainichi,小田中
Mainichi,ここ
Mainichi,佐藤慶
Mainichi,北方
Mainichi,声明
Mainichi,高官
Mainichi,岸
Mainichi,常連
Mainichi,直後
Mainichi,優先
Mainichi,加害
Mainichi,こうらい
Mainichi,最多
Mainichi,事前
Mainichi,支払っ
Mainichi,武道館
Mainichi,液体
Mainichi,行事
Mainichi,とどめる
Mainichi,党総裁
Mainichi,演説
Mainichi,石原慎太郎
Mainichi,遠く
Mainichi,式辞
Mainichi,寄せ
Mainichi,顧問
Mainichi,あり
Mainichi,阿部
Mainichi,内訳
Mainichi,初
Mainichi,松本
Mainichi,電話
Mainichi,都
Mainichi,達也
Mainichi,鑑み
Mainichi,大
Mainichi,今日
Mainichi,地元
Mainichi,取り組ん
Mainichi,尋ね
Mainichi,昨夏
Mainichi,念佛
Mainichi,まつ
Mainichi,全うする
Mainichi,寛
Mainichi,１０３
Mainichi,たたか
Mainichi,文科
Mainichi,数
Mainichi,義明
Mainichi,哲
Mainichi,亮介
Mainichi,議運
Mainichi,つけ
Mainichi,最中
Mainichi,上回っ
Mainichi,表立っ
Mainichi,大統領
Mainichi,耕太
Mainichi,影山
Mainichi,オバマ
Mainichi,直樹
Mainichi,尊敬
Mainichi,続い
Mainichi,信条
Mainichi,方式
Mainichi,抑え
Mainichi,火
Mainichi,春秋
Mainichi,注目
Mainichi,死ね
Mainichi,拓
Mainichi,明奈
Mainichi,相次い
Mainichi,幹部
Mainichi,山幸
Mainichi,減少
Mainichi,歳月
Mainichi,遠藤
Mainichi,整え
Mainichi,１４７
Mainichi,あたり
Mainichi,相次ぐ
Mainichi,いっ
Mainichi,５５
Mainichi,笈田
Mainichi,主催
Mainichi,合同
Mainichi,誓っ
Mainichi,超える
Mainichi,深まり
Mainichi,宮島
Mainichi,不満
Mainichi,最高
Mainichi,財務
Mainichi,かなり
Mainichi,道
Mainichi,信念
Nikkei,要求
Nikkei,含ま
Nikkei,領土
Nikkei,竹島
Nikkei,常務
Nikkei,典拠
Nikkei,研究
Nikkei,次
Nikkei,ＣＣＴＶ
Nikkei,決まっ
Nikkei,二十
Nikkei,七
Nikkei,項
Nikkei,加藤
Nikkei,取り上げ
Nikkei,張
Nikkei,調査
Nikkei,26
Nikkei,みなさま
Nikkei,有志
Nikkei,定説
Nikkei,衆議院
Nikkei,大越
Nikkei,固有
Nikkei,海江田万里
Nikkei,15
Nikkei,ご冥福
Nikkei,2012
Nikkei,2013
Nikkei,100
Nikkei,ずらす
Nikkei,11
Nikkei,銘じる
Nikkei,1952
Nikkei,限ら
Nikkei,高村
Nikkei,指南
Nikkei,朝刊
Nikkei,約束
Nikkei,お祈り
Nikkei,84
Nikkei,日本経済新聞
Nikkei,同党
Nikkei,辞職
Nikkei,衛藤
Nikkei,記述
Nikkei,右翼
Nikkei,友好
Nikkei,岡野弘彦
Nikkei,入閣
Nikkei,富田朝彦
Nikkei,前向き
Nikkei,周平
Nikkei,始まる
Nikkei,資料
Nikkei,策動
Nikkei,やめ
Nikkei,必至
Nikkei,147
Nikkei,含む
Nikkei,裁判
Nikkei,配信
Nikkei,参っ
Nikkei,2014
Nikkei,さなか
Nikkei,提案
Nikkei,込め
Nikkei,引き出し
Nikkei,三番町
Nikkei,点
Nikkei,相互
Nikkei,青年
Nikkei,総仕上げ
Nikkei,試み
Nikkei,阿部哲也
Nikkei,歌
Nikkei,メモ
Nikkei,進展
Nikkei,高村正彦
Nikkei,帝国
Nikkei,小泉
Nikkei,だっ
Nikkei,やる
Nikkei,遅らせ
Nikkei,自重
Nikkei,評論
Nikkei,終わる
Nikkei,宏一
Nikkei,正視
Nikkei,言葉
Nikkei,塩崎
Nikkei,採用
Nikkei,卜部亮吾
Nikkei,制約
Nikkei,構築
Nikkei,狙い
Nikkei,語る
Nikkei,東
Nikkei,本質
Nikkei,題する
Nikkei,開く
Nikkei,俯瞰
Nikkei,傾向
Nikkei,最後
Nikkei,本会議
Nikkei,願っ
Nikkei,巡る
Nikkei,こめ
Nikkei,予想
Nikkei,時代錯誤
Nikkei,78
Nikkei,支払い
Nikkei,13
Nikkei,ふれ
Nikkei,反応
Nikkei,独島
Nikkei,21
Nikkei,洋
Nikkei,形式
Nikkei,富田
Nikkei,学
Nikkei,み霊
Nikkei,歌人
Nikkei,先立ち
Nikkei,事実
Nikkei,共同通信
Nikkei,会い
Nikkei,実録
Nikkei,日記
Nikkei,嘆き
Nikkei,表し
Nikkei,179
Nikkei,近年
Nikkei,宮内庁
Nikkei,徳江
Nikkei,残念
Nikkei,図る
Nikkei,106
Nikkei,28
Nikkei,14
Nikkei,80
Nikkei,町村信孝
Nikkei,序列
Nikkei,十八
Nikkei,18
Nikkei,110
Nikkei,明るみ
Nikkei,和歌
Nikkei,出版
Nikkei,1975
Nikkei,苦痛
Nikkei,私ども
Nikkei,聞き置い
Nikkei,ふかん
Nikkei,領
Nikkei,取材
Nikkei,段階
Nikkei,初当選
Nikkei,よば
Nikkei,答弁
Nikkei,88
Nikkei,侍従
Nikkei,厳守
Nikkei,無為
Nikkei,反論
Nikkei,要人
Nikkei,23
Nikkei,17
Nikkei,荒唐無稽
Nikkei,20
Nikkei,山田
Nikkei,22
Nikkei,資する
Nikkei,12
Nikkei,正面
Nikkei,官邸
Nikkei,引き続き
Nikkei,島田
Nikkei,乗り出す
Nikkei,基づく
Nikkei,結びつい
Nikkei,四季
Nikkei,匡
Nikkei,あわせ
Nikkei,上旬
Nikkei,10
Nikkei,裏付ける
Sankei,李克強
Sankei,ジャカルタ
Sankei,包ま
Sankei,以降
Sankei,発生
Sankei,９２
Sankei,せいら
Sankei,美容
Sankei,小泉純一郎
Sankei,受け止め
Sankei,入れ
Sankei,またい
Sankei,握手
Sankei,受け取っ
Sankei,よしひで
Sankei,森田健作
Sankei,燃やし
Sankei,警戒感
Sankei,燃え
Sankei,佐藤幸徳
Sankei,拍手
Sankei,兼
Sankei,当局者
Sankei,働き掛け
Sankei,軍人
Sankei,端的
Sankei,入り
Sankei,衝突
Sankei,王冠
Sankei,映像
Sankei,場所
Sankei,修治
Sankei,向き合い
Sankei,葬っ
Sankei,カバン
Sankei,せ
Sankei,象徴
Sankei,正義
Sankei,米紙
Sankei,北朝鮮
Sankei,火災
Sankei,会場
Sankei,米
Sankei,広島県
Sankei,横浜市
Sankei,目
Sankei,内藤
Sankei,さまざま
Sankei,捕虜
Sankei,議連
Sankei,東シナ海
Sankei,山形県
Sankei,眠っ
Sankei,能力
Sankei,くぎ
Sankei,成長
Sankei,結果
Sankei,植民地
Sankei,書記
Sankei,まっとう
Sankei,駆けつけ
Sankei,ちなみ
Sankei,自衛隊
Sankei,そっち
Sankei,練馬区
Sankei,ハーフ
Sankei,記憶
Sankei,対話
Sankei,グローバー
Sankei,本人
Sankei,従業
Sankei,木箱
Sankei,ナビナ
Sankei,欣也
Sankei,お喜び
Sankei,豊
Sankei,報じ
Sankei,母
Sankei,各地
Sankei,イデオロギー
Sankei,参謀
Sankei,誤っ
Sankei,塗炭
Sankei,フード
Sankei,取り組む
Sankei,見学
Sankei,聯合
Sankei,個別
Sankei,過ごし
Sankei,通報
Sankei,訪日
Sankei,法務
Sankei,南東
Sankei,各国
Sankei,ところ
Sankei,いい
Sankei,画し
Sankei,ワシントン
Sankei,飛行
Sankei,戦死
Sankei,顔
Sankei,マッチ
Sankei,李氏
Sankei,ポスト
Sankei,海上
Sankei,なさっ
Sankei,弟
Sankei,応じる
Sankei,決別
Sankei,防止
Sankei,苦しみ
Sankei,同署
Sankei,国務省
Sankei,墓地
Sankei,しれ
Sankei,企画
Sankei,いえる
Sankei,８８
Sankei,２４
Sankei,英連邦
Sankei,隆寛
Sankei,アベノミクス
Sankei,親日
Sankei,身元
Sankei,歓待
Sankei,激戦
Sankei,出す
Sankei,伊吹文明
Sankei,すが
Sankei,いたし
Sankei,注視
Sankei,掲載
Sankei,主意書
Sankei,展開
Sankei,除く
Sankei,身内
Sankei,特攻
Sankei,祈り
Sankei,殺さ
Sankei,年
Sankei,ボルプジャリ
Sankei,人類
Sankei,インパール作戦
Sankei,名村
Sankei,自称
Sankei,油
Sankei,分かれる
Sankei,一行
Sankei,同町
Sankei,フィリピン
Sankei,ま
Sankei,ギャワリ
Sankei,超す
Sankei,勉強
Sankei,取り組み
Sankei,インド
Sankei,現地
Sankei,ジョン
Sankei,ご自分
Sankei,うずくまっ
Sankei,施策
Sankei,８３
Sankei,振り返り
Sankei,長期
Sankei,労働党
Sankei,声
Sankei,率い
Sankei,聴取
Sankei,開門
Sankei,時々
Sankei,管理
Sankei,見出し
Sankei,英軍
Sankei,敵
Sankei,動かす
Sankei,ＴＰＰ
Sankei,対象
Sankei,参拝客
Sankei,解決
Sankei,合憲
Sankei,再犯
Sankei,生還
Sankei,関連
Sankei,面会
Sankei,祈る
Sankei,比護
Sankei,榊
Sankei,コヒマ
Sankei,２９
Sankei,中曽根康弘
Sankei,監督
Sankei,世代
Sankei,目立ち
Sankei,再生
Sankei,出身
Sankei,英国
Sankei,いる
Sankei,観光
Sankei,他
Sankei,玉井
Sankei,家族
Sankei,出さ
Sankei,先
Sankei,いつのり
Sankei,藤本
Sankei,敷地
Sankei,機
Sankei,立国
Sankei,双方
Sankei,祭っ
Sankei,大使
Sankei,調べ
Sankei,同行
Sankei,尽くさ
Sankei,そらす
Sankei,署員
Sankei,順守
Sankei,良心
Sankei,電子
Sankei,違う
Sankei,北東部
Sankei,石
Sankei,農業
Sankei,日本兵
Sankei,考え方
Sankei,節目
Sankei,軍兵士
Sankei,被害者
Sankei,サイパン
Sankei,一定
Sankei,魂
Sankei,小野寺五典
Sankei,刺し
Sankei,環太平洋
Sankei,微妙
Sankei,立件
Sankei,当時
Sankei,先頭
Sankei,大学
Sankei,やっ
Sankei,深める
Sankei,刑事責任
Sankei,機関
Sankei,協定
Sankei,知事
Sankei,かい
Sankei,解放
Sankei,保土ケ谷区
Sankei,出撃
Sankei,会員
Sankei,高齢
Sankei,立と
Sankei,幸運
Sankei,中央区
Sankei,形
Sankei,起こさ
Sankei,交流
Sankei,公式
Sankei,目的
Sankei,発見
Sankei,持ち
Sankei,遺骨
Sankei,ウタパル
Sankei,訂正
Sankei,山下芳生
Sankei,烈
Sankei,出席者
Sankei,聖良
Sankei,味わっ
Sankei,額
Sankei,安全保障
Sankei,入国
Sankei,入校
Sankei,会話
Sankei,義則
Sankei,浜田和幸
Sankei,部隊
Sankei,英
Sankei,自粛
Sankei,王
Sankei,感慨
Sankei,料理店
Sankei,持ち続け
Sankei,妻
Sankei,男性
Sankei,産経新聞
Sankei,退役
Sankei,森田
Sankei,ロイ
Sankei,促し
Sankei,信用
Sankei,力
Sankei,社殿
Sankei,在住
Sankei,供述
Sankei,友人
Sankei,小野寺
Sankei,３４
Sankei,日英
Sankei,歴史観
Sankei,後期
Sankei,豊島区
Sankei,わたっ
Sankei,慎ん
Sankei,１６
Sankei,日野市
Sankei,一幕
Sankei,姿
Sankei,若葉
Sankei,議院
Sankei,了解
Sankei,呉市
Sankei,駐日
Sankei,前置き
Sankei,直接
Sankei,運営
Sankei,歩み
Sankei,震え
Sankei,完遂
Sankei,質疑
Sankei,宗教
Sankei,少将
Sankei,分野
Sankei,目指す
Sankei,吉田
Sankei,捨て
Sankei,静岡県
Sankei,解消
Sankei,母国
Sankei,浦山
Sankei,親族
Sankei,多く
Sankei,宣言
Sankei,緊張
Sankei,８１
Sankei,崇敬
Sankei,１９８５
Sankei,学び
Sankei,矢
Sankei,９３
Sankei,応じ
Sankei,沢本
Sankei,ネパール
Sankei,舞台
Sankei,異常
Sankei,場
Sankei,ネス
Sankei,存在
Sankei,屋根
Sankei,安否
Sankei,もの心
Sankei,姉妹
Sankei,印
Sankei,湖西市
Sankei,誇り
Sankei,示唆
Sankei,泰朗
Sankei,和解
Sankei,運用
Sankei,戦略
Sankei,遺品
Sankei,冥福
Sankei,中将
Sankei,共通
Sankei,２００５
Sankei,スーツ
Sankei,予断
Sankei,真
Sankei,あいさつ
Sankei,鎮魂
Sankei,カルキ
Sankei,コルチェスター
Sankei,接近
Sankei,７７
Sankei,議会
Sankei,そば
Sankei,中国人
Sankei,夕食会
Sankei,おい
Sankei,シャングリラ
Sankei,注ぐ
Sankei,泰二
Sankei,参加者
Sankei,形容
Sankei,翌年
Sankei,法務省
Sankei,わが国
Sankei,指揮
Sankei,早期
Sankei,近隣国
Sankei,遊就館
Sankei,公然
Sankei,文化
Sankei,連絡
Sankei,ディ
Sankei,天国
Sankei,陸軍
Sankei,紳士協定
Sankei,王毅
Sankei,ウェランド
Sankei,汗
Sankei,最近
Sankei,処理
Sankei,キャスト
Sankei,迎え
Sankei,ロンドン
Sankei,意思
Sankei,展示
Sankei,師団
Sankei,連携
Sankei,千葉市
Sankei,シンガポール
Sankei,法
Sankei,修正
Sankei,行田
Sankei,有無
Sankei,生まれで
Sankei,軍機
Sankei,庄内町
Sankei,ぬぐい
Sankei,さかき
Sankei,信任
